                  epoch,         train/box_loss,         train/cls_loss,         train/dfl_loss,   metrics/precision(B),      metrics/recall(B),       metrics/mAP50(B),    metrics/mAP50-95(B),           val/box_loss,           val/cls_loss,           val/dfl_loss,                 lr/pg0,                 lr/pg1,                 lr/pg2
                      1,                 2.0987,                  2.579,                 1.4526,                      1,                0.05149,                0.28508,                0.12386,                 1.8101,                 2.8206,                 1.3417,             0.00054304,             0.00054304,             0.00054304
                      2,                 1.7695,                 1.5135,                 1.2572,                0.77591,                0.21038,                0.29119,                0.12351,                 1.8988,                 2.3502,                 1.3591,             0.00098993,             0.00098993,             0.00098993
